name,chrom,chrom_class,is_chr7,raw_div_from_ancestral,jc_div_from_ancestral,tstv_from_ancestral
locus_0_chr1_40564559_40567706_-,1,macro_derived,False,0.425,0.6271860181504639,0.7525773195876289
locus_1_chr16_620170_620975_+,16,micro_derived,False,0.3108108108108108,0.4013571985625227,0.8775510204081632
locus_2_chr16_621535_622359_+,16,micro_derived,False,0.5166666666666667,0.8757038701162959,0.55
locus_4_chr16_672352_674534_+,16,micro_derived,False,0.36318407960199006,0.4965932134109635,0.7176470588235294
locus_6_chr16_699461_700268_+,16,micro_derived,False,0.3202416918429003,0.4176376724391312,0.8275862068965517
locus_7_chr16_700828_701652_+,16,micro_derived,False,0.5333333333333333,0.931284849231587,0.6842105263157895
locus_9_chr16_792615_794805_+,16,micro_derived,False,0.3582089552238806,0.48700841842616416,0.7560975609756098
locus_11_chr16_879313_881504_+,16,micro_derived,False,0.36318407960199006,0.4965932134109635,0.7590361445783133
locus_12_chr16_951540_952347_+,16,micro_derived,False,0.32628398791540786,0.42825731889185714,0.8305084745762712
locus_13_chr16_953559_954496_+,16,micro_derived,False,,,
locus_14_chr16_1061877_1062684_+,16,micro_derived,False,0.32628398791540786,0.42825731889185714,0.8620689655172413
locus_15_chr16_1063244_1064068_+,16,micro_derived,False,0.5333333333333333,0.931284849231587,0.6842105263157895
locus_17_chr16_1110691_1112882_+,16,micro_derived,False,0.36069651741293535,0.49178550464027415,0.7682926829268293
locus_19_chr16_1164792_1165599_+,16,micro_derived,False,0.32326283987915405,0.42292869967404867,0.8448275862068966
locus_20_chr16_1166158_1166982_+,16,micro_derived,False,0.5166666666666667,0.8757038701162959,0.631578947368421
locus_22_chr16_1198376_1200568_+,16,micro_derived,False,0.36318407960199006,0.4965932134109635,0.7590361445783133
locus_24_chr16_1289953_1290760_+,16,micro_derived,False,0.3323262839879154,0.4390294968921283,0.8333333333333334
locus_25_chr16_1291971_1292908_+,16,micro_derived,False,,,
locus_26_chr16_1374654_1376845_+,16,micro_derived,False,0.36318407960199006,0.4965932134109635,0.7590361445783133
locus_28_chr16_1408215_1410406_+,16,micro_derived,False,0.3681592039800995,0.5063020868549912,0.7831325301204819
locus_30_chr16_1435216_1437406_+,16,micro_derived,False,0.36318407960199006,0.4965932134109635,0.7380952380952381
locus_32_chr16_1478472_1479279_+,16,micro_derived,False,0.3323262839879154,0.4390294968921283,0.8032786885245902
locus_33_chr16_1479838_1480662_+,16,micro_derived,False,0.5333333333333333,0.931284849231587,0.6842105263157895
locus_35_chr16_1612039_1612844_+,16,micro_derived,False,0.32621951219512196,0.42814320210125323,0.9107142857142857
locus_36_chr16_1614060_1614997_+,16,micro_derived,False,,,
locus_37_chr16_1700023_1702214_+,16,micro_derived,False,0.36069651741293535,0.49178550464027415,0.7469879518072289
locus_39_chr16_1753490_1754297_+,16,micro_derived,False,0.3293051359516616,0.4336240680884163,0.847457627118644
locus_40_chr16_1754855_1755679_+,16,micro_derived,False,0.5333333333333333,0.931284849231587,0.6
locus_42_chr16_1779141_1781337_+,16,micro_derived,False,0.36318407960199006,0.4965932134109635,0.7590361445783133
locus_44_chr16_1805402_1807592_+,16,micro_derived,False,0.3677581863979849,0.5055148337218514,0.8024691358024691
locus_46_chr16_1857225_1859416_+,16,micro_derived,False,0.3681592039800995,0.5063020868549912,0.7209302325581395
locus_48_chr16_1914268_1915075_+,16,micro_derived,False,0.32326283987915405,0.42292869967404867,0.8448275862068966
locus_49_chr16_1915634_1916458_+,16,micro_derived,False,0.5333333333333333,0.931284849231587,0.6
locus_51_chr16_2007994_2010184_+,16,micro_derived,False,0.3656716417910448,0.50143193987208,0.75
locus_53_chr16_2060222_2062413_+,16,micro_derived,False,0.3656716417910448,0.50143193987208,0.75
locus_55_chr16_2086128_2088320_+,16,micro_derived,False,0.36069651741293535,0.49178550464027415,0.7261904761904762
locus_57_chr16_2125793_2127984_+,16,micro_derived,False,0.36318407960199006,0.4965932134109635,0.7590361445783133
locus_59_chr16_2147841_2148648_+,16,micro_derived,False,0.3202416918429003,0.4176376724391312,0.8596491228070176
locus_60_chr16_2149207_2150031_+,16,micro_derived,False,0.5333333333333333,0.931284849231587,0.6
locus_62_chr16_2198992_2199799_+,16,micro_derived,False,0.32628398791540786,0.42825731889185714,0.8305084745762712
locus_63_chr16_2200358_2201165_+,16,micro_derived,False,0.5333333333333333,0.931284849231587,0.6842105263157895
locus_65_chr16_2240622_2243318_+,16,micro_derived,False,0.37971698113207547,0.5293541830739016,0.75
locus_67_chr16_2312053_2314244_+,16,micro_derived,False,0.35572139303482586,0.48226156713742857,0.7439024390243902
locus_69_chr16_2358646_2360837_+,16,micro_derived,False,0.3656716417910448,0.50143193987208,0.75
locus_71_chr16_2387151_2389341_+,16,micro_derived,False,0.3681592039800995,0.5063020868549912,0.7411764705882353
locus_73_chr16_2408616_2409423_+,16,micro_derived,False,0.32326283987915405,0.42292869967404867,0.8448275862068966
locus_74_chr16_2409982_2410806_+,16,micro_derived,False,0.5333333333333333,0.931284849231587,0.6842105263157895
locus_76_chr16_2423161_2425349_+,16,micro_derived,False,0.3656716417910448,0.50143193987208,0.75
locus_79_chr16_2480673_2481311_+,16,micro_derived,False,0.35,0.4714564945667805,1.3333333333333333
locus_80_chr16_2496054_2496773_+,16,micro_derived,False,0.3645833333333333,0.49931115477887306,1.0588235294117647
locus_81_chr16_2512191_2512998_+,16,micro_derived,False,0.32326283987915405,0.42292869967404867,0.8448275862068966
locus_84_chr16_2556796_2558986_+,16,micro_derived,False,0.36069651741293535,0.49178550464027415,0.7469879518072289
locus_86_chr16_2628967_2631221_+,16,micro_derived,False,0.3681592039800995,0.5063020868549912,0.7411764705882353
locus_88_chr16_2739027_2739834_+,16,micro_derived,False,0.31722054380664655,0.41238371049782485,0.8103448275862069
locus_89_chr16_2740392_2741216_+,16,micro_derived,False,0.5333333333333333,0.931284849231587,0.6842105263157895
locus_91_chr16_2820735_2821542_+,16,micro_derived,False,0.32326283987915405,0.42292869967404867,0.8448275862068966
locus_92_chr16_2822101_2822925_+,16,micro_derived,False,0.5333333333333333,0.931284849231587,0.6842105263157895
locus_94_chr16_2850814_2853005_+,16,micro_derived,False,0.36069651741293535,0.49178550464027415,0.7469879518072289
locus_96_chr16_2925767_2927957_+,16,micro_derived,False,0.3681592039800995,0.5063020868549912,0.7619047619047619
locus_98_chr16_3030148_3032340_+,16,micro_derived,False,0.36318407960199006,0.4965932134109635,0.7380952380952381
locus_100_chr16_3050984_3053175_+,16,micro_derived,False,0.3656716417910448,0.50143193987208,0.7294117647058823
locus_102_chr16_3087392_3089583_+,16,micro_derived,False,0.36318407960199006,0.4965932134109635,0.7380952380952381
locus_104_chr16_3281440_3283631_+,16,micro_derived,False,0.36069651741293535,0.49178550464027415,0.7682926829268293
locus_106_chr16_3380634_3381441_+,16,micro_derived,False,0.32326283987915405,0.42292869967404867,0.8771929824561403
locus_107_chr16_3382000_3382824_+,16,micro_derived,False,0.5333333333333333,0.931284849231587,0.6842105263157895
locus_109_chr16_3430797_3432989_+,16,micro_derived,False,0.36069651741293535,0.49178550464027415,0.7261904761904762
locus_111_chr16_3462961_3465152_+,16,micro_derived,False,0.3656716417910448,0.50143193987208,0.75
locus_113_chr16_3512182_3514371_+,16,micro_derived,False,0.3656716417910448,0.50143193987208,0.75
locus_115_chr16_3566394_3568585_+,16,micro_derived,False,0.36069651741293535,0.49178550464027415,0.7469879518072289
locus_117_chr16_3607948_3610138_+,16,micro_derived,False,0.36318407960199006,0.4965932134109635,0.7590361445783133
locus_119_chr16_3651224_3653414_+,16,micro_derived,False,0.36318407960199006,0.4965932134109635,0.7590361445783133
locus_121_chr16_3714733_3716923_+,16,micro_derived,False,0.36069651741293535,0.49178550464027415,0.7469879518072289
locus_123_chr16_3731309_3733499_+,16,micro_derived,False,0.36318407960199006,0.4965932134109635,0.7590361445783133
locus_125_chr16_3794124_3796315_+,16,micro_derived,False,0.3681592039800995,0.5063020868549912,0.7209302325581395
locus_127_chr16_3903539_3905730_+,16,micro_derived,False,0.36318407960199006,0.4965932134109635,0.7590361445783133
locus_129_chr16_3943665_3944920_+,16,micro_derived,False,0.3457142857142857,0.4634635237112895,0.7794117647058824
locus_130_chr16_3945478_3946301_+,16,micro_derived,False,0.5333333333333333,0.931284849231587,0.6842105263157895
locus_132_chr16_3988921_3991112_+,16,micro_derived,False,0.36318407960199006,0.4965932134109635,0.7590361445783133
locus_134_chr16_4063763_4064570_+,16,micro_derived,False,0.3323262839879154,0.4390294968921283,0.8333333333333334
locus_135_chr16_4065129_4065953_+,16,micro_derived,False,0.5333333333333333,0.931284849231587,0.6842105263157895
locus_138_chr16_562330_563154_-,16,micro_derived,False,0.5714285714285714,1.0763133939669918,1.0
locus_139_chr16_563714_564583_-,16,micro_derived,False,0.4098939929328622,0.5931118890176723,0.7058823529411765
locus_141_chr16_820539_822729_-,16,micro_derived,False,0.4444444444444444,0.6734561949044688,0.7674418604651163
locus_143_chr16_965432_967686_-,16,micro_derived,False,0.4444444444444444,0.6734561949044688,0.7272727272727273
locus_145_chr16_1013305_1015496_-,16,micro_derived,False,0.4444444444444444,0.6734561949044688,0.7471264367816092
locus_147_chr16_1310973_1313163_-,16,micro_derived,False,0.4444444444444444,0.6734561949044688,0.7471264367816092
locus_149_chr16_1533142_1535333_-,16,micro_derived,False,0.4415204678362573,0.6663132837710273,0.7558139534883721
locus_151_chr16_1635117_1635941_-,16,micro_derived,False,0.5714285714285714,1.0763133939669918,1.0
locus_152_chr16_1636501_1637308_-,16,micro_derived,False,0.4204946996466431,0.6168605750006488,0.676056338028169
locus_154_chr16_1937707_1939889_-,16,micro_derived,False,0.4444444444444444,0.6734561949044688,0.7674418604651163
locus_156_chr16_1985968_1986792_-,16,micro_derived,False,0.5581395348837209,1.022478632171394,1.0
locus_157_chr16_1987352_1988159_-,16,micro_derived,False,0.4169611307420495,0.6088604991475024,0.6857142857142857
locus_159_chr16_2272235_2273059_-,16,micro_derived,False,0.5606060606060606,1.0321830189497918,0.9473684210526315
locus_160_chr16_2273617_2274424_-,16,micro_derived,False,0.4134275618374558,0.6009448583884847,0.6956521739130435
locus_162_chr16_2327625_2329816_-,16,micro_derived,False,0.4502923976608187,0.6879493995242709,0.75
locus_164_chr16_2446794_2448983_-,16,micro_derived,False,0.42995169082125606,0.6387009419604424,0.78
locus_166_chr16_2580489_2581313_-,16,micro_derived,False,0.5581395348837209,1.022478632171394,1.0
locus_167_chr16_2581873_2582680_-,16,micro_derived,False,0.4134275618374558,0.6009448583884847,0.7205882352941176
locus_169_chr16_2652313_2654503_-,16,micro_derived,False,0.4294294294294294,0.6374780740649466,0.7654320987654321
locus_171_chr16_2768351_2770541_-,16,micro_derived,False,0.4444444444444444,0.6734561949044688,0.7471264367816092
locus_173_chr16_2794407_2796661_-,16,micro_derived,False,0.4502923976608187,0.6879493995242709,0.75
locus_174_chr16_2873168_2874106_-,16,micro_derived,False,0.5581395348837209,1.022478632171394,1.0
locus_175_chr16_2875546_2876127_-,16,micro_derived,False,0.37547892720306514,0.520818852004078,0.6896551724137931
locus_177_chr16_2952019_2952843_-,16,micro_derived,False,0.5606060606060606,1.0321830189497918,0.9473684210526315
locus_178_chr16_2953402_2954209_-,16,micro_derived,False,0.4275618374558304,0.6331213745466417,0.6805555555555556
locus_180_chr16_2979466_2981656_-,16,micro_derived,False,0.4473684210526316,0.6806677889290502,0.7586206896551724
locus_182_chr16_3007201_3009392_-,16,micro_derived,False,0.4444444444444444,0.6734561949044688,0.7471264367816092
locus_184_chr16_3128342_3129165_-,16,micro_derived,False,0.5581395348837209,1.022478632171394,1.0
locus_185_chr16_3129725_3130532_-,16,micro_derived,False,0.4169611307420495,0.6088604991475024,0.6619718309859155
locus_187_chr16_3166092_3166916_-,16,micro_derived,False,0.5581395348837209,1.022478632171394,1.0
locus_188_chr16_3167475_3168282_-,16,micro_derived,False,0.4134275618374558,0.6009448583884847,0.7205882352941176
locus_190_chr16_3181592_3182416_-,16,micro_derived,False,0.5581395348837209,1.022478632171394,1.0
locus_191_chr16_3182976_3183783_-,16,micro_derived,False,0.4134275618374558,0.6009448583884847,0.6956521739130435
locus_193_chr16_3227821_3230009_-,16,micro_derived,False,0.43543543543543545,0.6516628940448119,0.7682926829268293
locus_195_chr16_3400219_3402410_-,16,micro_derived,False,0.4473684210526316,0.6806677889290502,0.7586206896551724
locus_198_chr16_3850261_3852497_-,16,micro_derived,False,0.44837758112094395,0.6831729300043186,0.7674418604651163
locus_199_chr1A_23886240_23889385_-,1A,macro_derived,False,0.425,0.6271860181504639,0.7708333333333334
locus_201_chr20_2448581_2449002_-,20,micro_derived,False,0.351931330472103,0.4750865097197813,0.8636363636363636
locus_202_chr21_7768934_7771575_-,21,micro_derived,False,0.3875739644970414,0.5454395947848422,0.9848484848484849
locus_204_chr21_7808178_7810819_-,21,micro_derived,False,0.3905325443786982,0.551587170187976,1.0
locus_205_chr22_196092_198725_+,22,micro_derived,False,0.26265060240963856,0.3233189188802372,1.0961538461538463
locus_207_chr22_227196_229840_+,22,micro_derived,False,0.26506024096385544,0.3270363986101834,1.0754716981132075
locus_210_chr24_132283_133100_+,24,micro_derived,False,0.36538461538461536,0.5008720294317415,0.9
locus_211_chr24_133616_134852_+,24,micro_derived,False,0.5296610169491526,0.9186795104943015,0.8115942028985508
locus_214_chr24_162697_163668_+,24,micro_derived,False,0.3125,0.4042473755495152,0.9791666666666666
locus_215_chr24_164471_164942_+,24,micro_derived,False,0.5620437956204379,1.037898169699949,1.0263157894736843
locus_216_chr24_271902_274480_+,24,micro_derived,False,0.33516483516483514,0.4441439687775265,0.5844155844155844
locus_218_chr24_350284_353097_+,24,micro_derived,False,0.3781094527363184,0.5261052175023742,0.7674418604651163
locus_220_chr25_1039328_1041881_+,25,micro_derived,False,0.7209302325581395,2.4377808689456777,0.8235294117647058
locus_222_chr25_1067472_1070104_+,25,micro_derived,False,0.26265060240963856,0.3233189188802372,1.0185185185185186
locus_224_chr25_1129084_1132488_+,25,micro_derived,False,0.37054631828978624,0.5110055009797172,0.6774193548387096
locus_225_chr25_1266532_1269091_+,25,micro_derived,False,0.7209302325581395,2.4377808689456777,0.8235294117647058
locus_227_chr25_1318381_1318802_+,25,micro_derived,False,0.3003412969283277,0.383688261857861,1.0
locus_229_chr25_1357117_1358774_+,25,micro_derived,False,0.40224719101123596,0.5764359736123152,0.9247311827956989
locus_230_chr25_1359289_1360451_+,25,micro_derived,False,,,
locus_231_chr25_1486279_1488838_+,25,micro_derived,False,0.7209302325581395,2.4377808689456777,0.8235294117647058
locus_233_chr25_1510469_1513874_+,25,micro_derived,False,0.3887640449438202,0.5479063849475478,0.73
locus_234_chr25_1657793_1660351_+,25,micro_derived,False,0.7209302325581395,2.4377808689456777,0.8235294117647058
locus_236_chr25_1686473_1689116_+,25,micro_derived,False,0.26265060240963856,0.3233189188802372,1.0566037735849056
locus_238_chr25_1763280_1763701_+,25,micro_derived,False,0.3037542662116041,0.3894025752151906,1.0227272727272727
locus_240_chr25_1802082_1803342_+,25,micro_derived,False,0.3582887700534759,0.4871612223792217,0.9705882352941176
locus_241_chr25_1803886_1805490_+,25,micro_derived,False,0.4794520547945205,0.7647179080121094,0.4
locus_242_chr25_1943465_1946028_+,25,micro_derived,False,0.7272727272727273,2.6223806710998607,0.7777777777777778
locus_244_chr25_2196682_2199274_+,25,micro_derived,False,0.7209302325581395,2.4377808689456777,0.7222222222222222
locus_246_chr25_2258004_2258425_+,25,micro_derived,False,0.3037542662116041,0.3894025752151906,1.0227272727272727
locus_248_chr25_2296719_2300076_+,25,micro_derived,False,0.37292161520190026,0.5157150925933497,0.7640449438202247
locus_249_chr25_2387832_2390391_+,25,micro_derived,False,0.7209302325581395,2.4377808689456777,0.8235294117647058
locus_251_chr25_2555286_2557845_+,25,micro_derived,False,0.7209302325581395,2.4377808689456777,0.8235294117647058
locus_253_chr25_2696147_2698738_+,25,micro_derived,False,0.7209302325581395,2.4377808689456777,0.8235294117647058
locus_255_chr25_2885292_2887851_+,25,micro_derived,False,0.7209302325581395,2.4377808689456777,0.8235294117647058
locus_257_chr25_3009651_3012209_+,25,micro_derived,False,0.7209302325581395,2.4377808689456777,0.8235294117647058
locus_259_chr25_3061465_3061886_+,25,micro_derived,False,0.29692832764505117,0.37801715733242847,0.9772727272727273
locus_261_chr25_3099853_3101511_+,25,micro_derived,False,0.40898876404494383,0.5911183348311386,0.956989247311828
locus_262_chr25_3102028_3103179_+,25,micro_derived,False,0.5275229357798165,0.9114368942954025,0.8253968253968254
locus_263_chr25_3164412_3164836_+,25,micro_derived,False,0.3003412969283277,0.383688261857861,1.0
locus_265_chr25_3203339_3204600_+,25,micro_derived,False,0.3396825396825397,0.45235653973898526,0.7833333333333333
locus_266_chr25_3205816_3206699_+,25,micro_derived,False,,,
locus_267_chr25_3311522_3314080_+,25,micro_derived,False,0.7209302325581395,2.4377808689456777,0.8235294117647058
locus_269_chr25_3414794_3417430_+,25,micro_derived,False,0.25783132530120484,0.3159387855291038,1.0980392156862746
locus_271_chr25_3440432_3443061_+,25,micro_derived,False,0.26265060240963856,0.3233189188802372,1.0566037735849056
locus_273_chr25_3742519_3742940_+,25,micro_derived,False,0.3003412969283277,0.383688261857861,1.0
locus_275_chr25_3788193_3791528_+,25,micro_derived,False,0.3586698337292161,0.48789119088598787,0.6966292134831461
locus_276_chr25_3852417_3852838_+,25,micro_derived,False,0.30716723549488056,0.3951607608894663,1.0
locus_278_chr25_3987754_3990313_+,25,micro_derived,False,0.6976744186046512,1.9969408702690892,0.7647058823529411
locus_280_chr25_4059691_4062282_+,25,micro_derived,False,0.7209302325581395,2.4377808689456777,0.8235294117647058
locus_282_chr25_4236200_4238759_+,25,micro_derived,False,0.7441860465116279,3.644859303271253,0.6842105263157895
locus_284_chr25_4346684_4347883_+,25,micro_derived,False,0.3805970149253731,0.5311387934433642,0.9125
locus_285_chr25_4348397_4349583_+,25,micro_derived,False,,,
locus_286_chr25_4432038_4434597_+,25,micro_derived,False,0.7209302325581395,2.4377808689456777,0.8235294117647058
locus_288_chr25_4766056_4768696_+,25,micro_derived,False,0.26024096385542167,0.31961977451324797,1.0769230769230769
locus_290_chr25_4823254_4826663_+,25,micro_derived,False,0.38004750593824227,0.5300239526722783,0.7777777777777778
locus_291_chr25_4960909_4963467_+,25,micro_derived,False,0.7209302325581395,2.4377808689456777,0.8235294117647058
locus_294_chr25_935131_938533_-,25,micro_derived,False,0.4157303370786517,0.6060938739665401,0.7289719626168224
locus_295_chr25_1345697_1346649_-,25,micro_derived,False,0.5348837209302325,0.9366708687880856,1.0909090909090908
locus_296_chr25_1384334_1385584_-,25,micro_derived,False,0.5348837209302325,0.9366708687880856,1.0909090909090908
locus_297_chr25_1386099_1387755_-,25,micro_derived,False,0.4079601990049751,0.5888595742954605,0.7634408602150538
locus_298_chr25_1790741_1791717_-,25,micro_derived,False,0.5348837209302325,0.9366708687880856,1.0909090909090908
locus_299_chr25_1985646_1988894_-,25,micro_derived,False,0.425,0.6271860181504639,0.7708333333333334
locus_300_chr25_2042762_2046165_-,25,micro_derived,False,0.4134831460674157,0.6010687295391753,0.7523809523809524
locus_301_chr25_2084118_2084999_-,25,micro_derived,False,0.5581395348837209,1.022478632171394,1.1818181818181819
locus_302_chr25_2085818_2087474_-,25,micro_derived,False,0.41044776119402987,0.5943340511566693,0.7741935483870968
locus_303_chr25_2285522_2286475_-,25,micro_derived,False,0.5348837209302325,0.9366708687880856,1.0909090909090908
locus_304_chr25_2440388_2443791_-,25,micro_derived,False,0.41123595505617977,0.5960770305803732,0.7766990291262136
locus_305_chr25_3088603_3089547_-,25,micro_derived,False,0.5348837209302325,0.9366708687880856,1.3
locus_306_chr25_3192200_3193152_-,25,micro_derived,False,0.5348837209302325,0.9366708687880856,1.0909090909090908
locus_307_chr25_3776789_3777742_-,25,micro_derived,False,0.5348837209302325,0.9366708687880856,1.0909090909090908
locus_308_chr25_3880378_3883324_-,25,micro_derived,False,0.4143920595533499,0.6030971788262334,0.8152173913043478
locus_310_chr25_4101282_4103877_-,25,micro_derived,False,0.415,0.6044570060289671,0.7473684210526316
locus_313_chr25_4146188_4148059_-,25,micro_derived,False,0.39488636363636365,0.5607265243830113,0.6951219512195121
locus_314_chr25_4331995_4332922_-,25,micro_derived,False,0.5348837209302325,0.9366708687880856,1.0909090909090908
locus_315_chr25_4333686_4335340_-,25,micro_derived,False,0.40049751243781095,0.5726718955450798,0.75
locus_316_chr25_4518765_4522168_-,25,micro_derived,False,0.44389027431421446,0.6720971911351187,0.7450980392156863
locus_318_chr25_4587342_4589985_-,25,micro_derived,False,0.38461538461538464,0.5393420002224044,1.0
locus_320_chr25_4661903_4664460_-,25,micro_derived,False,0.415,0.6044570060289671,0.7291666666666666
locus_321_chr28_5729742_5730944_+,28,micro_derived,False,,,
locus_322_chr28_5731505_5732329_+,28,micro_derived,False,0.6818181818181818,1.7984214545987767,0.5789473684210527
locus_324_chr28_5959215_5962162_+,28,micro_derived,False,0.3582089552238806,0.48700841842616416,0.7560975609756098
locus_326_chr28_5994284_5996843_-,28,micro_derived,False,0.41836734693877553,0.6120339876623243,0.673469387755102
locus_327_chr28_6251644_6254566_-,28,micro_derived,False,0.4218362282878412,0.6199203140673699,0.8279569892473119
locus_328_chr29_824165_825819_+,29,micro_derived,False,0.36883116883116884,0.5076231023458481,0.8441558441558441
locus_329_chr29_826583_827569_+,29,micro_derived,False,,,
locus_330_chr29_885316_888562_+,29,micro_derived,False,0.6991150442477876,2.0178794185884747,0.7954545454545454
locus_331_chr29_1029136_1029557_+,29,micro_derived,False,0.29692832764505117,0.37801715733242847,0.9772727272727273
locus_333_chr29_1032933_1036286_+,29,micro_derived,False,0.37054631828978624,0.5110055009797172,0.6774193548387096
locus_334_chr29_1121970_1125218_+,29,micro_derived,False,0.7053571428571429,2.1160341648069094,0.717391304347826
locus_335_chr29_1261493_1263150_+,29,micro_derived,False,0.4044943820224719,0.581298227270874,0.875
locus_336_chr29_1263969_1264916_+,29,micro_derived,False,,,
locus_337_chr29_1297671_1298092_+,29,micro_derived,False,0.29692832764505117,0.37801715733242847,0.9772727272727273
locus_339_chr29_1318635_1319350_+,29,micro_derived,False,0.3931297709923664,0.5570257462610059,0.9433962264150944
locus_340_chr29_1320169_1321050_+,29,micro_derived,False,,,
locus_341_chr29_1376370_1377198_+,29,micro_derived,False,0.29605263157894735,0.3765689578479269,0.7307692307692307
locus_342_chr29_1377962_1378948_+,29,micro_derived,False,0.38461538461538464,0.5393420002224044,0.36363636363636365
locus_344_chr29_1493685_1496254_+,29,micro_derived,False,0.336986301369863,0.4474443341425617,0.64
locus_345_chr29_1545679_1549081_+,29,micro_derived,False,0.3619047619047619,0.49411682851415295,0.6170212765957447
locus_346_chr29_1850549_1852193_+,29,micro_derived,False,0.41123595505617977,0.5960770305803732,0.967741935483871
locus_347_chr29_1853644_1853955_+,29,micro_derived,False,,,
locus_348_chr29_2125215_2128460_+,29,micro_derived,False,0.7079646017699115,2.1611708461605073,0.7391304347826086
locus_349_chr29_2235979_2239350_+,29,micro_derived,False,0.3797752808988764,0.529472277248882,0.7422680412371134
locus_350_chr29_2302794_2306041_+,29,micro_derived,False,0.7079646017699115,2.1611708461605073,0.8181818181818182
locus_351_chr29_2392754_2394412_+,29,micro_derived,False,0.4090909090909091,0.5913430202732025,0.9354838709677419
locus_352_chr29_2394928_2396178_+,29,micro_derived,False,,,
locus_353_chr29_2431075_2434225_+,29,micro_derived,False,0.7117117117117117,2.2311968594431697,0.717391304347826
locus_354_chr29_2440776_2443420_+,29,micro_derived,False,0.25783132530120484,0.3159387855291038,1.14
locus_357_chr29_497467_500028_-,29,micro_derived,False,0.4164588528678304,0.6077302268090042,0.7395833333333334
locus_358_chr29_537113_540467_-,29,micro_derived,False,0.4067415730337079,0.586192208747066,0.7920792079207921
locus_360_chr29_602718_605317_-,29,micro_derived,False,0.40648379052369077,0.5856291801163231,0.7340425531914894
locus_361_chr29_744198_747443_-,29,micro_derived,False,0.41895261845386533,0.6133587710495549,0.7684210526315789
locus_362_chr29_809983_810867_-,29,micro_derived,False,0.5882352941176471,1.1504477699444664,0.6666666666666666
locus_363_chr29_811750_813408_-,29,micro_derived,False,0.4054726368159204,0.5834247679048852,0.7526881720430108
locus_367_chr29_920505_923145_-,29,micro_derived,False,0.39156626506024095,0.5537470525148835,1.0
locus_368_chr29_929733_932981_-,29,micro_derived,False,0.4175,0.6100750098258354,0.7578947368421053
locus_370_chr29_1188063_1191457_-,29,micro_derived,False,0.42247191011235957,0.621374538362893,0.7735849056603774
locus_371_chr29_1251258_1254662_-,29,micro_derived,False,0.41797752808988764,0.6111529150711887,0.7884615384615384
locus_372_chr29_1360811_1364162_-,29,micro_derived,False,0.4151376146788991,0.6047651618916876,0.7403846153846154
locus_373_chr29_1427627_1430873_-,29,micro_derived,False,0.41895261845386533,0.6133587710495549,0.7684210526315789
locus_374_chr29_1478395_1481812_-,29,micro_derived,False,0.4157303370786517,0.6060938739665401,0.7788461538461539
locus_375_chr29_1531996_1535273_-,29,micro_derived,False,0.41067285382830626,0.5948313986550007,0.7352941176470589
locus_377_chr29_1646949_1647370_-,29,micro_derived,False,0.35319148936170214,0.47746453737633987,0.9302325581395349
locus_378_chr29_1678209_1679744_-,29,micro_derived,False,0.4854368932038835,0.7814950460014514,0.6949152542372882
locus_379_chr29_1680305_1681566_-,29,micro_derived,False,0.4079601990049751,0.5888595742954605,0.7083333333333334
locus_381_chr29_1747998_1748419_-,29,micro_derived,False,0.34893617021276596,0.46946446152319343,0.9069767441860465
locus_382_chr29_1930679_1933927_-,29,micro_derived,False,0.4175,0.6100750098258354,0.7578947368421053
locus_383_chr29_1991973_1995388_-,29,micro_derived,False,0.4134831460674157,0.6010687295391753,0.7358490566037735
locus_384_chr29_2029761_2031011_-,29,micro_derived,False,0.5348837209302325,0.9366708687880856,1.0909090909090908
locus_385_chr29_2031527_2032725_-,29,micro_derived,False,0.42388059701492536,0.6246072190481893,0.7974683544303798
locus_386_chr29_2149600_2153003_-,29,micro_derived,False,0.41797752808988764,0.6111529150711887,0.7884615384615384
locus_387_chr29_2460696_2463641_-,29,micro_derived,False,0.42431761786600497,0.6256129410173767,0.8387096774193549
locus_389_chr29_2478362_2478783_-,29,micro_derived,False,0.3446808510638298,0.4615488207641757,0.9285714285714286
locus_391_chr29_2605600_2606021_-,29,micro_derived,False,0.3446808510638298,0.4615488207641757,0.9285714285714286
locus_392_chr30_2086007_2086809_+,30,micro_derived,False,0.35856573705179284,0.48769171194797434,0.9148936170212766
locus_394_chr30_2347398_2350798_+,30,micro_derived,False,0.3586698337292161,0.48789119088598787,0.6966292134831461
locus_395_chr30_2356712_2359763_+,30,micro_derived,False,0.6964285714285714,1.9792929972114433,0.813953488372093
locus_396_chr30_2543098_2543719_+,30,micro_derived,False,0.5951417004048583,1.1831720279277382,1.0136986301369864
locus_397_chr30_3032687_3036088_+,30,micro_derived,False,0.3681710213776722,0.5063252985846537,0.7032967032967034
locus_399_chr30_3132302_3133134_+,30,micro_derived,False,0.3626373626373626,0.4955339286050935,0.8591549295774648
locus_400_chr30_3133641_3134858_+,30,micro_derived,False,,,
locus_401_chr30_3282370_3285769_+,30,micro_derived,False,0.3657957244655582,0.5016741208871929,0.6923076923076923
locus_402_chr30_3430251_3432845_+,30,micro_derived,False,0.7209302325581395,2.4377808689456777,0.7222222222222222
locus_404_chr30_3971095_3974366_+,30,micro_derived,False,0.3865168539325843,0.543255207250087,0.7731958762886598
locus_405_chr30_4819265_4819700_+,30,micro_derived,False,0.2832764505119454,0.35575207144739673,0.8444444444444444
locus_406_chr30_4820258_4821618_+,30,micro_derived,False,0.7380952380952381,3.107351044793652,0.55
locus_407_chr30_4867738_4869386_+,30,micro_derived,False,0.4045977011494253,0.5815225389161895,0.9555555555555556
locus_408_chr30_4869902_4871152_+,30,micro_derived,False,,,
locus_409_chr30_5198430_5200402_+,30,micro_derived,False,0.3740648379052369,0.5179923894356201,0.8072289156626506
locus_410_chr30_5201229_5202350_+,30,micro_derived,False,0.5585585585585585,1.024118425117595,0.5897435897435898
locus_411_chr30_5524598_5526255_+,30,micro_derived,False,0.40898876404494383,0.5911183348311386,0.9782608695652174
locus_412_chr30_5527074_5527959_+,30,micro_derived,False,,,
locus_413_chr30_5634930_5638335_+,30,micro_derived,False,0.37054631828978624,0.5110055009797172,0.6774193548387096
locus_414_chr30_6272532_6275937_+,30,micro_derived,False,0.3657957244655582,0.5016741208871929,0.6559139784946236
locus_415_chr30_6323637_6325295_+,30,micro_derived,False,0.39775280898876403,0.5668050226510718,0.945054945054945
locus_416_chr30_6326114_6327062_+,30,micro_derived,False,,,
locus_417_chr30_6785112_6788382_+,30,micro_derived,False,0.3847980997624703,0.5397171409079798,0.7802197802197802
locus_418_chr30_8562140_8563798_+,30,micro_derived,False,0.41797752808988764,0.6111529150711887,0.9375
locus_419_chr30_8564690_8565564_+,30,micro_derived,False,0.5198237885462555,0.8859210406385262,0.7611940298507462
locus_420_chr30_9008756_9010764_+,30,micro_derived,False,0.5408163265306123,0.9576453900558214,0.7096774193548387
locus_421_chr30_9403034_9406438_+,30,micro_derived,False,0.39101123595505616,0.5525865873426112,0.8125
locus_422_chr30_9413321_9416498_+,30,micro_derived,False,0.7053571428571429,2.1160341648069094,0.8372093023255814
locus_423_chr30_9448633_9450413_+,30,micro_derived,False,0.38441558441558443,0.5389319961121526,0.9473684210526315
locus_426_chr30_2011304_2012106_-,30,micro_derived,False,0.4458874458874459,0.6770064973921179,0.8727272727272727
locus_427_chr30_2514352_2517297_-,30,micro_derived,False,0.42278481012658226,0.6220913842956017,0.8351648351648352
locus_428_chr30_3507484_3510895_-,30,micro_derived,False,0.41277641277641275,0.5994952744508804,0.75
locus_429_chr30_3958278_3961429_-,30,micro_derived,False,0.42992874109263657,0.6386471635811204,0.7572815533980582
locus_430_chr30_4444409_4446012_-,30,micro_derived,False,0.5348837209302325,0.9366708687880856,1.0909090909090908
locus_431_chr30_4446551_4447353_-,30,micro_derived,False,0.4027777777777778,0.5775811662720551,0.8125
locus_432_chr30_4699674_4702938_-,30,micro_derived,False,0.4247191011235955,0.626538069946016,0.8173076923076923
locus_433_chr30_5391881_5395207_-,30,micro_derived,False,0.42081447963800905,0.6175887922607775,0.7714285714285715
locus_435_chr30_5622515_5624485_-,30,micro_derived,False,0.39800995024875624,0.5673527243129609,0.7021276595744681
locus_436_chr30_5902272_5903167_-,30,micro_derived,False,0.5348837209302325,0.9366708687880856,1.0909090909090908
locus_437_chr30_5903985_5905169_-,30,micro_derived,False,0.40555555555555556,0.5836052950450034,0.8024691358024691
locus_438_chr30_6309804_6313074_-,30,micro_derived,False,0.42247191011235957,0.621374538362893,0.7735849056603774
locus_439_chr30_6895316_6898654_-,30,micro_derived,False,0.42247191011235957,0.621374538362893,0.8613861386138614
locus_440_chr30_7130015_7130863_-,30,micro_derived,False,0.5588235294117647,1.025157206447092,1.1111111111111112
locus_441_chr30_7131395_7133339_-,30,micro_derived,False,0.40852130325814534,0.5900909331710468,0.7157894736842105
locus_442_chr30_7233516_7234702_-,30,micro_derived,False,0.5416666666666666,0.9607003840965478,1.6
locus_443_chr30_7235218_7236872_-,30,micro_derived,False,0.4079601990049751,0.5888595742954605,0.7634408602150538
locus_444_chr30_7980168_7981210_-,30,micro_derived,False,0.5348837209302325,0.9366708687880856,1.0909090909090908
locus_445_chr30_7981725_7983383_-,30,micro_derived,False,0.41044776119402987,0.5943340511566693,0.7553191489361702
locus_446_chr30_8040142_8043025_-,30,micro_derived,False,0.4292803970223325,0.6371294820797726,0.9010989010989011
locus_447_chr30_8427008_8430146_-,30,micro_derived,False,0.41284403669724773,0.5996456880888879,0.7647058823529411
locus_449_chr30_9142025_9144618_-,30,micro_derived,False,0.42,0.6157354140523725,0.75
locus_450_chr30_9152098_9155423_-,30,micro_derived,False,0.41855203619909503,0.6124517858765964,0.7788461538461539
locus_451_chr31_2755521_2757176_+,31,micro_derived,False,0.4073226544622426,0.5874629142361879,1.0227272727272727
locus_452_chr31_2757935_2758794_+,31,micro_derived,False,,,
locus_453_chr31_3023279_3025875_+,31,micro_derived,False,0.7209302325581395,2.4377808689456777,0.9375
locus_455_chr31_3209205_3212034_+,31,micro_derived,False,0.33692722371967654,0.44733706150450003,0.7857142857142857
locus_456_chr31_3469438_3472840_+,31,micro_derived,False,0.41123595505617977,0.5960770305803732,0.9468085106382979
locus_457_chr31_3630054_3631712_+,31,micro_derived,False,0.41797752808988764,0.6111529150711887,0.8787878787878788
locus_458_chr31_3632530_3633342_+,31,micro_derived,False,,,
locus_459_chr31_3726637_3729237_+,31,micro_derived,False,0.7391304347826086,3.1755798784479414,0.8888888888888888
locus_461_chr31_3796421_3799020_+,31,micro_derived,False,0.7391304347826086,3.1755798784479414,0.8888888888888888
locus_463_chr31_3856189_3859365_+,31,micro_derived,False,0.3532219570405728,0.477522125950795,0.6818181818181818
locus_464_chr31_3921847_3925248_+,31,micro_derived,False,0.37054631828978624,0.5110055009797172,0.7142857142857143
locus_465_chr31_3973856_3976032_+,31,micro_derived,False,0.2536945812807882,0.30966127932241055,1.1020408163265305
locus_467_chr31_4052960_4053683_+,31,micro_derived,False,0.2803738317757009,0.351102161303205,0.6216216216216216
locus_468_chr31_4054447_4055431_+,31,micro_derived,False,0.41025641025641024,0.5939115159342256,0.23076923076923078
locus_470_chr31_4167001_4167829_+,31,micro_derived,False,0.2993421052631579,0.3820235273447369,0.75
locus_471_chr31_4168593_4169579_+,31,micro_derived,False,0.41025641025641024,0.5939115159342256,0.23076923076923078
locus_472_chr31_4338002_4341355_+,31,micro_derived,False,0.3752969121140142,0.5204544448569584,0.6989247311827957
locus_473_chr31_4403505_4405158_+,31,micro_derived,False,0.35844155844155845,0.48745381967153123,0.7692307692307693
locus_474_chr31_4405923_4406909_+,31,micro_derived,False,0.41025641025641024,0.5939115159342256,0.23076923076923078
locus_475_chr31_4863489_4866843_+,31,micro_derived,False,0.3752808988764045,0.5204223936890446,0.776595744680851
locus_476_chr31_4904034_4906593_+,31,micro_derived,False,0.7209302325581395,2.4377808689456777,0.8235294117647058
locus_478_chr31_2479626_2480548_-,31,micro_derived,False,0.5348837209302325,0.9366708687880856,1.0909090909090908
locus_479_chr31_2481308_2482140_-,31,micro_derived,False,0.33047210300429186,0.43570738668633335,0.75
locus_482_chr31_2486321_2487131_-,31,micro_derived,False,0.4096774193548387,0.5926344540834672,0.7887323943661971
locus_484_chr31_2690375_2692035_-,31,micro_derived,False,0.42492917847025496,0.627022601655646,0.7045454545454546
locus_485_chr31_2839966_2843368_-,31,micro_derived,False,0.4247191011235955,0.626538069946016,0.75
locus_487_chr31_3087823_3088674_-,31,micro_derived,False,0.5882352941176471,1.1504477699444664,0.8181818181818182
locus_488_chr31_3089961_3091202_-,31,micro_derived,False,0.4021164021164021,0.5761539536624906,0.788235294117647
locus_490_chr31_3196787_3197985_-,31,micro_derived,False,0.4083333333333333,0.5896782027194679,0.7710843373493976
locus_491_chr31_3349687_3353091_-,31,micro_derived,False,0.42247191011235957,0.621374538362893,0.7407407407407407
locus_493_chr31_3409152_3411745_-,31,micro_derived,False,0.4125,0.5988807721633287,0.7553191489361702
locus_495_chr31_3599758_3600477_-,31,micro_derived,False,0.3488372093023256,0.4692794248233094,0.6666666666666666
locus_496_chr31_3841994_3845396_-,31,micro_derived,False,0.4134831460674157,0.6010687295391753,0.7358490566037735
locus_497_chr31_3908194_3911599_-,31,micro_derived,False,0.4247191011235955,0.626538069946016,0.75
locus_499_chr31_3997340_3998997_-,31,micro_derived,False,0.39800995024875624,0.5673527243129609,0.7204301075268817
locus_500_chr31_4258212_4261615_-,31,micro_derived,False,0.41797752808988764,0.6111529150711887,0.7714285714285715
locus_501_chr31_4493697_4497068_-,31,micro_derived,False,0.4247191011235955,0.626538069946016,0.7663551401869159
locus_502_chr31_4652183_4655535_-,31,micro_derived,False,0.42247191011235957,0.621374538362893,0.7904761904761904
locus_503_chr31_4749566_4752961_-,31,micro_derived,False,0.40786240786240785,0.5886451756375655,0.7291666666666666
locus_504_chr31_4849012_4850262_-,31,micro_derived,False,0.5581395348837209,1.022478632171394,1.1818181818181819
locus_505_chr31_4850777_4852434_-,31,micro_derived,False,0.42039800995024873,0.6166405280557222,0.7789473684210526
locus_506_chr32_2878801_2880000_+,32,micro_derived,False,0.3756218905472637,0.5211051989837322,0.9868421052631579
locus_507_chr32_2880859_2881700_+,32,micro_derived,False,,,
locus_508_chr32_3086404_3087916_+,32,micro_derived,False,0.3805970149253731,0.5311387934433642,0.9367088607594937
locus_509_chr32_3088491_3089319_+,32,micro_derived,False,,,
locus_510_chr32_3870331_3871988_+,32,micro_derived,False,0.40898876404494383,0.5911183348311386,0.9157894736842105
locus_511_chr32_3872839_3873732_+,32,micro_derived,False,,,
locus_512_chr32_4316464_4317662_+,32,micro_derived,False,0.38308457711442784,0.536206380290524,0.9012345679012346
locus_513_chr32_4318549_4319428_+,32,micro_derived,False,,,
locus_516_chr32_2912757_2914414_-,32,micro_derived,False,0.40987654320987654,0.5930734099663008,0.711340206185567
locus_517_chr32_3118855_3119644_-,32,micro_derived,False,0.5588235294117647,1.025157206447092,0.9
locus_518_chr32_3120503_3121701_-,32,micro_derived,False,0.4111111111111111,0.5958006856988385,0.7411764705882353
locus_519_chr32_3697159_3698000_-,32,micro_derived,False,0.5882352941176471,1.1504477699444664,1.0
locus_520_chr32_3699256_3700058_-,32,micro_derived,False,0.4111111111111111,0.5958006856988385,0.7831325301204819
locus_521_chr32_3903020_3903331_-,32,micro_derived,False,,,
locus_522_chr32_3904737_3906179_-,32,micro_derived,False,0.4083333333333333,0.5896782027194679,0.7710843373493976
locus_523_chr32_4348642_4349459_-,32,micro_derived,False,0.5588235294117647,1.025157206447092,0.9
locus_524_chr32_4350318_4351149_-,32,micro_derived,False,0.3562231759656652,0.48321667063442986,0.7659574468085106
locus_526_chr33_1884497_1885372_+,33,micro_derived,False,,,
locus_527_chr33_1940766_1944118_+,33,micro_derived,False,0.3752969121140142,0.5204544448569584,0.6808510638297872
locus_529_chr33_2505494_2508896_+,33,micro_derived,False,0.39101123595505616,0.5525865873426112,0.7938144329896907
locus_530_chr33_2658462_2661057_+,33,micro_derived,False,0.7441860465116279,3.644859303271253,0.7777777777777778
locus_532_chr33_2790551_2791743_+,33,micro_derived,False,0.3216374269005848,0.4200774271152766,0.8333333333333334
locus_533_chr33_3056198_3057000_+,33,micro_derived,False,0.2866666666666667,0.3612198518052963,0.7916666666666666
locus_535_chr33_3060339_3063744_+,33,micro_derived,False,0.3657957244655582,0.5016741208871929,0.7111111111111111
locus_536_chr33_3070974_3073571_+,33,micro_derived,False,0.7209302325581395,2.4377808689456777,0.8235294117647058
locus_538_chr33_3081041_3083638_+,33,micro_derived,False,0.7441860465116279,3.644859303271253,0.7777777777777778
locus_540_chr33_3090071_3093247_+,33,micro_derived,False,0.7053571428571429,2.1160341648069094,0.8372093023255814
locus_541_chr33_3098926_3100132_+,33,micro_derived,False,,,
locus_542_chr33_3100666_3101520_+,33,micro_derived,False,0.7209302325581395,2.4377808689456777,0.7222222222222222
locus_544_chr33_3443262_3446601_+,33,micro_derived,False,0.37292161520190026,0.5157150925933497,0.6881720430107527
locus_545_chr33_3480813_3483407_+,33,micro_derived,False,0.7209302325581395,2.4377808689456777,0.8235294117647058
locus_547_chr33_3538040_3539698_+,33,micro_derived,False,0.3955056179775281,0.5620355312198526,0.9130434782608695
locus_548_chr33_3540517_3541463_+,33,micro_derived,False,,,
locus_549_chr33_3615638_3618992_+,33,micro_derived,False,0.37054631828978624,0.5110055009797172,0.6774193548387096
locus_550_chr33_3656228_3658789_+,33,micro_derived,False,0.7272727272727273,2.6223806710998607,0.7777777777777778
locus_552_chr33_2010108_2010932_-,33,micro_derived,False,0.4702702702702703,0.7396869903607991,0.74
locus_553_chr33_2011823_2013019_-,33,micro_derived,False,0.4049586776859504,0.5823067663860716,0.8148148148148148
locus_554_chr33_2175695_2179047_-,33,micro_derived,False,0.4134831460674157,0.6010687295391753,0.7523809523809524
locus_556_chr33_2239238_2241833_-,33,micro_derived,False,0.415,0.6044570060289671,0.7291666666666666
locus_557_chr33_2491832_2495236_-,33,micro_derived,False,0.41123595505617977,0.5960770305803732,0.7596153846153846
locus_558_chr33_2776296_2779239_-,33,micro_derived,False,0.4218362282878412,0.6199203140673699,0.8085106382978723
locus_559_chr33_2934751_2938102_-,33,micro_derived,False,0.4157303370786517,0.6060938739665401,0.8137254901960784
locus_560_chr33_3043133_3046537_-,33,micro_derived,False,0.4134831460674157,0.6010687295391753,0.7864077669902912
locus_561_chr33_3284176_3285162_-,33,micro_derived,False,0.5348837209302325,0.9366708687880856,1.0909090909090908
locus_562_chr33_3285926_3286739_-,33,micro_derived,False,0.33905579399141633,0.45121181478987316,0.717391304347826
locus_564_chr33_3429604_3432975_-,33,micro_derived,False,0.4202247191011236,0.6162463132546899,0.7155963302752294
locus_565_chr34_454545_457898_+,34,micro_derived,False,0.3775280898876405,0.5249336854863655,0.7684210526315789
locus_566_chr34_657437_660790_+,34,micro_derived,False,0.3681710213776722,0.5063252985846537,0.7222222222222222
locus_567_chr34_793083_796487_+,34,micro_derived,False,,,
locus_569_chr34_1505480_1506338_+,34,micro_derived,False,0.3672922252010724,0.5046011239919361,0.8266666666666667
locus_570_chr34_1506854_1508104_+,34,micro_derived,False,0.5296610169491526,0.9186795104943015,0.7857142857142857
locus_572_chr34_1621025_1621445_+,34,micro_derived,False,0.28668941979522183,0.3612566833134311,0.7142857142857143
locus_573_chr34_1622003_1623535_+,34,micro_derived,False,0.5166666666666667,0.8757038701162959,0.47619047619047616
locus_574_chr34_1843625_1846265_+,34,micro_derived,False,0.25060240963855424,0.3050029903226348,1.0
locus_576_chr34_1940632_1943275_+,34,micro_derived,False,0.25060240963855424,0.3050029903226348,1.0392156862745099
locus_578_chr34_2237410_2240814_+,34,micro_derived,False,0.3657957244655582,0.5016741208871929,0.6923076923076923
locus_580_chr34_386854_389413_-,34,micro_derived,False,0.42,0.6157354140523725,0.7319587628865979
locus_581_chr34_647193_648051_-,34,micro_derived,False,0.5348837209302325,0.9366708687880856,1.0909090909090908
locus_582_chr34_648870_650524_-,34,micro_derived,False,0.4054726368159204,0.5834247679048852,0.7157894736842105
locus_583_chr34_779685_780747_-,34,micro_derived,False,0.5343511450381679,0.9348163448676903,0.6091954022988506
locus_584_chr34_781305_782566_-,34,micro_derived,False,0.40049751243781095,0.5726718955450798,0.7127659574468085
locus_585_chr34_858746_859385_-,34,micro_derived,False,0.325,0.42598802820445447,0.4444444444444444
locus_588_chr34_977840_980438_-,34,micro_derived,False,0.49523809523809526,0.8098078532727951,0.8245614035087719
locus_589_chr34_1017631_1020978_-,34,micro_derived,False,0.4211822660098522,0.6184272069822355,0.78125
locus_590_chr34_1046828_1050231_-,34,micro_derived,False,0.40898876404494383,0.5911183348311386,0.7669902912621359
locus_591_chr34_1060833_1064203_-,34,micro_derived,False,0.4157303370786517,0.6060938739665401,0.7788461538461539
locus_592_chr34_1166822_1170224_-,34,micro_derived,False,0.40898876404494383,0.5911183348311386,0.75
locus_593_chr34_1200118_1201318_-,34,micro_derived,False,0.5348837209302325,0.9366708687880856,1.0909090909090908
locus_594_chr34_1201833_1203460_-,34,micro_derived,False,0.41102756892230574,0.5956158200336187,0.7446808510638298
locus_595_chr34_1330178_1333579_-,34,micro_derived,False,0.42696629213483145,0.6317373975277495,0.7757009345794392
locus_596_chr34_1417900_1421039_-,34,micro_derived,False,0.4114713216957606,0.5965982970305577,0.6836734693877551
locus_597_chr34_1534956_1535902_-,34,micro_derived,False,0.5348837209302325,0.9366708687880856,1.0909090909090908
locus_598_chr34_1536720_1538376_-,34,micro_derived,False,0.40049751243781095,0.5726718955450798,0.7311827956989247
locus_599_chr34_1676441_1679788_-,34,micro_derived,False,0.42247191011235957,0.621374538362893,0.8076923076923077
locus_600_chr34_1729344_1732591_-,34,micro_derived,False,0.4175,0.6100750098258354,0.7578947368421053
locus_601_chr34_1826561_1829965_-,34,micro_derived,False,0.42921348314606744,0.6369730208837547,0.7685185185185185
locus_602_chr34_1875128_1876562_-,34,micro_derived,False,0.5238095238095238,0.899021810418819,0.6923076923076923
locus_603_chr34_1877096_1878302_-,34,micro_derived,False,0.39664804469273746,0.5644564543360083,0.7108433734939759
locus_604_chr34_2223309_2226712_-,34,micro_derived,False,0.41797752808988764,0.6111529150711887,0.7547169811320755
locus_605_chr35_2231793_2233473_+,35,micro_derived,False,0.4044943820224719,0.581298227270874,0.9148936170212766
locus_606_chr35_2234270_2235102_+,35,micro_derived,False,0.5076923076923077,0.8473986241291603,0.8679245283018868
locus_607_chr35_2258298_2259978_+,35,micro_derived,False,0.3940774487471526,0.5590200390051596,0.9222222222222223
locus_608_chr35_2260494_2261608_+,35,micro_derived,False,0.5128205128205128,0.8634420166151484,0.8867924528301887
locus_609_chr35_2293797_2295477_+,35,micro_derived,False,0.40224719101123596,0.5764359736123152,0.967032967032967
locus_610_chr35_2295993_2297107_+,35,micro_derived,False,0.5076923076923077,0.8473986241291603,0.8679245283018868
locus_611_chr35_2323321_2325001_+,35,micro_derived,False,0.4,0.5716050390351726,0.9560439560439561
locus_612_chr35_2325517_2326715_+,35,micro_derived,False,0.5324074074074074,0.9280865501417442,0.8852459016393442
locus_613_chr35_2388606_2390285_+,35,micro_derived,False,0.40224719101123596,0.5764359736123152,0.9247311827956989
locus_614_chr35_2390801_2391914_+,35,micro_derived,False,0.5076923076923077,0.8473986241291603,0.8679245283018868
locus_615_chr35_2416445_2418124_+,35,micro_derived,False,0.4044943820224719,0.581298227270874,0.9565217391304348
locus_616_chr35_2418640_2419838_+,35,micro_derived,False,,,
locus_617_chr35_2470788_2472468_+,35,micro_derived,False,0.40898876404494383,0.5911183348311386,0.9782608695652174
locus_618_chr35_2472984_2474098_+,35,micro_derived,False,0.5076923076923077,0.8473986241291603,0.8679245283018868
locus_619_chr35_2484160_2485839_+,35,micro_derived,False,0.4067415730337079,0.586192208747066,0.925531914893617
locus_620_chr35_2486657_2487552_+,35,micro_derived,False,,,
locus_621_chr35_2509769_2511449_+,35,micro_derived,False,0.40224719101123596,0.5764359736123152,0.9247311827956989
locus_622_chr35_2511965_2513079_+,35,micro_derived,False,0.5076923076923077,0.8473986241291603,0.8679245283018868
locus_623_chr35_2555076_2556755_+,35,micro_derived,False,0.40224719101123596,0.5764359736123152,0.9456521739130435
locus_624_chr35_2557271_2558385_+,35,micro_derived,False,0.5076923076923077,0.8473986241291603,0.8679245283018868
locus_625_chr35_2616415_2618094_+,35,micro_derived,False,0.39775280898876403,0.5668050226510718,0.945054945054945
locus_626_chr35_2618610_2619724_+,35,micro_derived,False,0.517948717948718,0.879836111974523,0.8703703703703703
locus_627_chr35_2667822_2669501_+,35,micro_derived,False,0.4,0.5716050390351726,0.9560439560439561
locus_628_chr35_2670318_2671129_+,35,micro_derived,False,0.5230769230769231,0.8965965859935205,0.8214285714285714
locus_629_chr35_2701775_2703454_+,35,micro_derived,False,0.40224719101123596,0.5764359736123152,0.9247311827956989
locus_630_chr35_2703969_2705011_+,35,micro_derived,False,0.5441176470588235,0.9695762273318,0.9473684210526315
locus_631_chr35_2838865_2840551_+,35,micro_derived,False,0.3955056179775281,0.5620355312198526,0.9340659340659341
locus_632_chr35_2841067_2842181_+,35,micro_derived,False,0.5076923076923077,0.8473986241291603,0.8333333333333334
locus_633_chr35_2865451_2867130_+,35,micro_derived,False,0.40224719101123596,0.5764359736123152,0.9456521739130435
locus_634_chr35_2867646_2868760_+,35,micro_derived,False,0.5076923076923077,0.8473986241291603,0.8679245283018868
locus_635_chr35_2887155_2888835_+,35,micro_derived,False,0.3955056179775281,0.5620355312198526,0.9555555555555556
locus_636_chr35_2889351_2890464_+,35,micro_derived,False,0.5076923076923077,0.8473986241291603,0.8679245283018868
locus_637_chr35_3019499_3021185_+,35,micro_derived,False,0.40898876404494383,0.5911183348311386,0.956989247311828
locus_638_chr35_3066618_3068298_+,35,micro_derived,False,0.4,0.5716050390351726,0.9347826086956522
locus_639_chr35_3068814_3069931_+,35,micro_derived,False,0.5076142131979695,0.847156942019601,0.8867924528301887
locus_640_chr35_3126675_3128355_+,35,micro_derived,False,0.4044943820224719,0.581298227270874,1.0
locus_641_chr35_3128871_3129985_+,35,micro_derived,False,0.5076923076923077,0.8473986241291603,0.8679245283018868
locus_642_chr35_3290924_3292603_+,35,micro_derived,False,0.4044943820224719,0.581298227270874,0.9354838709677419
locus_643_chr35_3293118_3294232_+,35,micro_derived,False,0.5128205128205128,0.8634420166151484,0.8867924528301887
locus_644_chr35_3331950_3333629_+,35,micro_derived,False,0.4067415730337079,0.586192208747066,0.967391304347826
locus_645_chr35_3334145_3335259_+,35,micro_derived,False,0.5076923076923077,0.8473986241291603,0.8679245283018868
locus_646_chr35_3426034_3427713_+,35,micro_derived,False,0.39775280898876403,0.5668050226510718,0.9239130434782609
locus_647_chr35_3428229_3429271_+,35,micro_derived,False,0.5441176470588235,0.9695762273318,0.9473684210526315
locus_648_chr35_3453426_3455105_+,35,micro_derived,False,0.40224719101123596,0.5764359736123152,0.9456521739130435
locus_649_chr35_3455621_3456735_+,35,micro_derived,False,0.517948717948718,0.879836111974523,0.8703703703703703
locus_650_chr35_3522933_3524628_+,35,micro_derived,False,0.39775280898876403,0.5668050226510718,0.9239130434782609
locus_651_chr35_3525144_3526187_+,35,micro_derived,False,0.5294117647058824,0.9178315737165865,0.9459459459459459
locus_652_chr35_3561079_3562759_+,35,micro_derived,False,0.3955056179775281,0.5620355312198526,0.9340659340659341
locus_653_chr35_3563275_3564388_+,35,micro_derived,False,0.5076923076923077,0.8473986241291603,0.8679245283018868
locus_654_chr35_3587226_3588906_+,35,micro_derived,False,0.4067415730337079,0.586192208747066,0.967391304347826
locus_655_chr35_3589422_3590536_+,35,micro_derived,False,0.5076923076923077,0.8473986241291603,0.8679245283018868
locus_656_chr35_3676778_3678457_+,35,micro_derived,False,0.40224719101123596,0.5764359736123152,0.9456521739130435
locus_657_chr35_3678973_3680014_+,35,micro_derived,False,0.5367647058823529,0.9432577374733475,0.972972972972973
locus_658_chr35_3740869_3742549_+,35,micro_derived,False,0.4044943820224719,0.581298227270874,0.9565217391304348
locus_659_chr35_3743368_3744179_+,35,micro_derived,False,0.5128205128205128,0.8634420166151484,0.8518518518518519
locus_660_chr35_2270102_2270913_-,35,micro_derived,False,0.5581395348837209,1.022478632171394,1.0
locus_661_chr35_2271732_2273412_-,35,micro_derived,False,0.41044776119402987,0.5943340511566693,0.7741935483870968
locus_662_chr35_2354715_2355829_-,35,micro_derived,False,0.5348837209302325,0.9366708687880856,1.0909090909090908
locus_663_chr35_2356345_2357555_-,35,micro_derived,False,0.4131054131054131,0.6002273427315318,0.8589743589743589
locus_664_chr35_2445772_2446886_-,35,micro_derived,False,0.5348837209302325,0.9366708687880856,1.0909090909090908
locus_665_chr35_2447402_2449081_-,35,micro_derived,False,0.41044776119402987,0.5943340511566693,0.7368421052631579
locus_666_chr35_2577983_2578471_-,35,micro_derived,False,0.5581395348837209,1.022478632171394,0.8461538461538461
locus_667_chr35_2578987_2580666_-,35,micro_derived,False,0.4054726368159204,0.5834247679048852,0.7912087912087912
locus_668_chr35_2644722_2645836_-,35,micro_derived,False,0.5348837209302325,0.9366708687880856,1.0909090909090908
locus_669_chr35_2646352_2648032_-,35,micro_derived,False,0.4079601990049751,0.5888595742954605,0.7446808510638298
locus_670_chr35_2727800_2728998_-,35,micro_derived,False,0.5348837209302325,0.9366708687880856,1.0909090909090908
locus_671_chr35_2729515_2731181_-,35,micro_derived,False,0.40987654320987654,0.5930734099663008,0.7473684210526316
locus_672_chr35_2799929_2801043_-,35,micro_derived,False,0.5581395348837209,1.022478632171394,1.0
locus_673_chr35_2801559_2803246_-,35,micro_derived,False,0.4079601990049751,0.5888595742954605,0.782608695652174
locus_674_chr35_2918096_2918936_-,35,micro_derived,False,0.5348837209302325,0.9366708687880856,1.0909090909090908
locus_675_chr35_2919733_2921412_-,35,micro_derived,False,0.41044776119402987,0.5943340511566693,0.7741935483870968
locus_676_chr35_2947301_2948415_-,35,micro_derived,False,0.5348837209302325,0.9366708687880856,1.0909090909090908
locus_677_chr35_2948931_2950611_-,35,micro_derived,False,0.41044776119402987,0.5943340511566693,0.7553191489361702
locus_678_chr35_2984537_2985735_-,35,micro_derived,False,0.5581395348837209,1.022478632171394,1.1818181818181819
locus_679_chr35_2986251_2987931_-,35,micro_derived,False,0.4054726368159204,0.5834247679048852,0.7717391304347826
locus_680_chr35_3098000_3099114_-,35,micro_derived,False,0.5813953488372093,1.1193874307813987,1.0833333333333333
locus_681_chr35_3099630_3101315_-,35,micro_derived,False,0.41044776119402987,0.5943340511566693,0.7934782608695652
locus_682_chr35_3154436_3155550_-,35,micro_derived,False,0.5348837209302325,0.9366708687880856,1.0909090909090908
locus_683_chr35_3156067_3157746_-,35,micro_derived,False,0.41044776119402987,0.5943340511566693,0.7741935483870968
locus_684_chr35_3181744_3182858_-,35,micro_derived,False,0.5348837209302325,0.9366708687880856,1.0909090909090908
locus_685_chr35_3183374_3185054_-,35,micro_derived,False,0.4079601990049751,0.5888595742954605,0.7634408602150538
locus_686_chr35_3242323_3243436_-,35,micro_derived,False,0.5348837209302325,0.9366708687880856,1.0909090909090908
locus_687_chr35_3243952_3245629_-,35,micro_derived,False,0.4079601990049751,0.5888595742954605,0.782608695652174
locus_688_chr35_3270068_3271182_-,35,micro_derived,False,0.5581395348837209,1.022478632171394,1.1818181818181819
locus_689_chr35_3271698_3273376_-,35,micro_derived,False,0.3983516483516483,0.5680811484490067,0.7469879518072289
locus_690_chr35_3310876_3311990_-,35,micro_derived,False,0.5348837209302325,0.9366708687880856,1.0909090909090908
locus_691_chr35_3312506_3314185_-,35,micro_derived,False,0.41044776119402987,0.5943340511566693,0.7934782608695652
locus_692_chr35_3358987_3359800_-,35,micro_derived,False,0.5588235294117647,1.025157206447092,0.9
locus_693_chr35_3360701_3362381_-,35,micro_derived,False,0.4080604534005038,0.5890794370660234,0.7802197802197802
locus_694_chr35_3380816_3381627_-,35,micro_derived,False,0.5348837209302325,0.9366708687880856,1.0909090909090908
locus_695_chr35_3382446_3383658_-,35,micro_derived,False,0.40555555555555556,0.5836052950450034,0.825
locus_696_chr35_3473840_3474650_-,35,micro_derived,False,0.5348837209302325,0.9366708687880856,1.0909090909090908
locus_697_chr35_3475469_3477149_-,35,micro_derived,False,0.4129353233830846,0.5998487818856133,0.7849462365591398
locus_698_chr35_3618945_3620059_-,35,micro_derived,False,0.5348837209302325,0.9366708687880856,1.0909090909090908
locus_699_chr35_3620575_3622254_-,35,micro_derived,False,0.4054726368159204,0.5834247679048852,0.7912087912087912
locus_700_chr35_3645158_3646355_-,35,micro_derived,False,0.5116279069767442,0.8596802532430232,1.0
locus_701_chr35_3646871_3648550_-,35,micro_derived,False,0.40554156171284633,0.583574825199989,0.8089887640449438
locus_702_chr35_3707656_3708468_-,35,micro_derived,False,0.5581395348837209,1.022478632171394,1.0
locus_703_chr35_3709287_3710952_-,35,micro_derived,False,0.41044776119402987,0.5943340511566693,0.7741935483870968
locus_704_chr36_2080349_2082991_+,36,micro_derived,False,0.3681710213776722,0.5063252985846537,0.7032967032967034
locus_705_chr36_2596023_2599335_+,36,micro_derived,False,0.38717339667458434,0.5446111223841719,0.8522727272727273
locus_706_chr36_2706715_2709913_+,36,micro_derived,False,0.3794749403341289,0.5288640949925764,0.7865168539325843
locus_707_chr36_2791567_2793848_+,36,micro_derived,False,0.34705882352941175,0.46596196449772576,0.5945945945945946
locus_708_chr36_3235020_3237635_+,36,micro_derived,False,0.37054631828978624,0.5110055009797172,0.6956521739130435
locus_709_chr36_3238684_3238995_+,36,micro_derived,False,,,
locus_710_chr36_3267248_3269839_+,36,micro_derived,False,0.7209302325581395,2.4377808689456777,0.7222222222222222
locus_712_chr36_3277268_3280404_+,36,micro_derived,False,0.7053571428571429,2.1160341648069094,0.7954545454545454
locus_713_chr36_3595785_3599149_+,36,micro_derived,False,0.37054631828978624,0.5110055009797172,0.7142857142857143
locus_714_chr36_3908059_3909254_+,36,micro_derived,False,0.3140794223826715,0.40695985590215655,0.74
locus_715_chr36_3910019_3911005_+,36,micro_derived,False,0.38461538461538464,0.5393420002224044,0.36363636363636365
locus_716_chr36_1716181_1717166_-,36,micro_derived,False,0.5348837209302325,0.9366708687880856,1.0909090909090908
locus_717_chr36_1717931_1719585_-,36,micro_derived,False,0.41044776119402987,0.5943340511566693,0.71875
locus_718_chr36_2336066_2339447_-,36,micro_derived,False,0.41277641277641275,0.5994952744508804,0.68
locus_719_chr36_2439849_2443220_-,36,micro_derived,False,0.41855203619909503,0.6124517858765964,0.7619047619047619
locus_720_chr36_3777810_3780974_-,36,micro_derived,False,0.42105263157894735,0.618131582224762,0.8217821782178217
locus_721_chr36_3828621_3831975_-,36,micro_derived,False,0.42247191011235957,0.621374538362893,0.7735849056603774
locus_722_chr37_2496143_2497404_+,37,micro_derived,False,0.3333333333333333,0.4408399986765892,0.8709677419354839
locus_723_chr37_2497962_2499517_+,37,micro_derived,False,0.5166666666666667,0.8757038701162959,0.631578947368421
locus_724_chr37_3270859_3272120_+,37,micro_derived,False,0.33620689655172414,0.4460303308100196,0.8571428571428571
locus_725_chr37_3272678_3274233_+,37,micro_derived,False,0.5166666666666667,0.8757038701162959,0.55
locus_726_chr37_4683885_4684687_+,37,micro_derived,False,0.32507739938080493,0.4261246277859265,0.9090909090909091
locus_727_chr37_4685245_4686689_+,37,micro_derived,False,0.5166666666666667,0.8757038701162959,0.55
locus_728_chr37_6712569_6713516_+,37,micro_derived,False,,,
locus_729_chr37_7118591_7121185_+,37,micro_derived,False,0.7209302325581395,2.4377808689456777,0.8235294117647058
locus_731_chr37_7188839_7192193_+,37,micro_derived,False,0.3842696629213483,0.5386326964693355,0.78125
locus_732_chr37_7229224_7231782_+,37,micro_derived,False,0.7209302325581395,2.4377808689456777,0.8235294117647058
locus_735_chr37_1965186_1967829_-,37,micro_derived,False,0.3757396449704142,0.521341136147747,0.9538461538461539
locus_737_chr37_2059257_2060095_-,37,micro_derived,False,0.6666666666666666,1.6479184330021643,1.3636363636363635
locus_738_chr37_2060611_2061899_-,37,micro_derived,False,0.34507042253521125,0.4622700280096313,0.8846153846153846
locus_740_chr37_2412413_2415048_-,37,micro_derived,False,0.3757396449704142,0.521341136147747,0.9538461538461539
locus_741_chr37_2607194_2608006_-,37,micro_derived,False,0.5348837209302325,0.9366708687880856,1.0909090909090908
locus_742_chr37_2608824_2610481_-,37,micro_derived,False,0.40049751243781095,0.5726718955450798,0.7127659574468085
locus_743_chr37_3082087_3085486_-,37,micro_derived,False,0.42247191011235957,0.621374538362893,0.8076923076923077
locus_745_chr37_3704548_3707188_-,37,micro_derived,False,0.3782991202346041,0.5264878217703325,0.9846153846153847
locus_746_chr37_3822953_3824399_-,37,micro_derived,False,0.5348837209302325,0.9366708687880856,1.0909090909090908
locus_747_chr37_3824957_3826218_-,37,micro_derived,False,0.4054726368159204,0.5834247679048852,0.7526881720430108
locus_748_chr37_4088541_4091061_-,37,micro_derived,False,0.3882783882783883,0.5468987392139606,1.0
locus_750_chr37_4126093_4127672_-,37,micro_derived,False,0.5348837209302325,0.9366708687880856,1.0909090909090908
locus_751_chr37_4128230_4128650_-,37,micro_derived,False,0.3448275862068966,0.46182038770839384,0.8604651162790697
locus_754_chr37_4375353_4377994_-,37,micro_derived,False,0.3816568047337278,0.5332935803448566,0.9846153846153847
locus_755_chr37_4695121_4696701_-,37,micro_derived,False,0.5348837209302325,0.9366708687880856,1.0909090909090908
locus_756_chr37_4697259_4697679_-,37,micro_derived,False,0.34913793103448276,0.46984185454595473,0.8837209302325582
locus_758_chr37_4949561_4952835_-,37,micro_derived,False,0.4276018099547511,0.633214357437909,0.8529411764705882
locus_760_chr37_5839805_5842440_-,37,micro_derived,False,0.3727810650887574,0.5154355938245678,0.9384615384615385
locus_763_chr37_6952528_6955125_-,37,micro_derived,False,0.5023923444976076,0.8311708105256637,0.8421052631578947
locus_764_chr37_7176315_7179673_-,37,micro_derived,False,0.45652173913043476,0.7037022289446976,0.8064516129032258
locus_765_chr6_396658_399257_+,6,macro_derived,False,0.6829268292682927,1.810716811930536,0.5555555555555556
locus_767_chr6_531268_533867_+,6,macro_derived,False,0.6585365853658537,1.5781006157026556,0.5
locus_769_chr6_540330_542929_+,6,macro_derived,False,0.6585365853658537,1.5781006157026556,0.5
locus_771_chr6_549251_551850_+,6,macro_derived,False,0.6585365853658537,1.5781006157026556,0.5
locus_773_chr6_558289_560888_+,6,macro_derived,False,0.6585365853658537,1.5781006157026556,0.5
locus_775_chr6_567247_569846_+,6,macro_derived,False,0.6585365853658537,1.5781006157026556,0.5
locus_777_chr6_576198_578797_+,6,macro_derived,False,0.6585365853658537,1.5781006157026556,0.5
locus_779_chr7_1801915_1804504_+,7,chr7_ancestral,True,0.7209302325581395,2.4377808689456777,0.8235294117647058
locus_781_chr7_2977123_2978035_+,7,chr7_ancestral,True,0.3515151515151515,0.4743027977931942,0.8709677419354839
locus_782_chr7_2979274_2979765_+,7,chr7_ancestral,True,0.5519125683060109,0.9985235243167169,0.9056603773584906
locus_783_chr7_3252252_3254196_+,7,chr7_ancestral,True,0.32997481108312343,0.43481889257975725,1.2203389830508475
locus_784_chr7_3255269_3256307_+,7,chr7_ancestral,True,0.463302752293578,0.7212348251962142,0.8035714285714286
locus_785_chr7_20632629_20634826_+,7,chr7_ancestral,True,0.026737967914438502,0.027226220007161094,2.3333333333333335
locus_789_chr7_731970_734562_-,7,chr7_ancestral,True,0.4239401496259352,0.624744188932317,0.7346938775510204
locus_791_chr7_739648_742240_-,7,chr7_ancestral,True,0.4339152119700748,0.6480470342876217,0.7755102040816326
locus_792_chr7_2238514_2239991_-,7,chr7_ancestral,True,0.6161616161616161,1.292580168937933,0.90625
locus_793_chr7_2240548_2241740_-,7,chr7_ancestral,True,0.4147727272727273,0.6039483590104885,0.7380952380952381
locus_795_chr7_20631370_20632498_-,7,chr7_ancestral,True,0.5094339622641509,0.8528089271219292,1.16
locus_796_chr7_27746860_27751603_-,7,chr7_ancestral,True,0.17633410672853828,0.20101953536185896,1.0
locus_798_chr7_29661025_29663599_-,7,chr7_ancestral,True,0.40302267002518893,0.5781103201517892,0.7777777777777778
locus_800_chr8_27546221_27548804_-,8,macro_derived,False,0.4275,0.6329775527208966,0.7272727272727273
locus_801_chrW_14517112_14517914_+,W,sex_chrom,False,0.39436619718309857,0.5596287366511241,0.8666666666666667
locus_805_chrZ_22440953_22442914_+,Z,sex_chrom,False,0.3865979381443299,0.5434225325949931,0.8987341772151899
locus_806_chrZ_22443627_22444202_+,Z,sex_chrom,False,0.5212765957446809,0.8906698310134544,0.8148148148148148
locus_807_chrZ_22444740_22446701_+,Z,sex_chrom,False,0.3917525773195876,0.5541370005306004,0.9240506329113924
locus_808_chrZ_22447260_22447746_+,Z,sex_chrom,False,0.5432098765432098,0.9662766179621866,0.660377358490566
locus_809_chrZ_37022438_37023661_+,Z,sex_chrom,False,0.37735849056603776,0.5245922623149075,0.971830985915493
locus_810_chrZ_37025025_37025496_+,Z,sex_chrom,False,0.5426356589147286,0.9641968939259065,1.121212121212121
