site,aa,prob,omega,se,significance
2,L,0.899,2.34,0.48,
3,R,0.951,2.424,0.34,*
4,D,0.645,1.93,0.77,
5,I,0.803,2.186,0.636,
6,V,0.898,2.339,0.48,
7,R,0.619,1.888,0.784,
8,T,0.99,2.485,0.157,**
9,A,0.998,2.497,0.073,**
10,R,0.748,2.097,0.696,
11,P,0.938,2.402,0.382,
14,A,0.635,1.916,0.774,
15,T,0.901,2.343,0.475,
17,D,0.722,2.057,0.717,
19,T,0.808,2.195,0.627,
25,R,0.817,2.209,0.616,
27,F,0.716,2.047,0.72,
29,S,0.874,2.299,0.531,
30,T,0.852,2.266,0.564,
31,C,0.996,2.495,0.097,**
32,S,0.985,2.477,0.192,*
37,S,0.966,2.446,0.287,*
38,V,0.906,2.35,0.465,
39,A,0.991,2.487,0.148,**
41,T,0.543,1.762,0.809,
43,C,0.51,1.708,0.813,
44,L,0.861,2.28,0.55,
49,M,0.725,2.062,0.714,
50,L,0.758,2.113,0.686,
54,M,0.885,2.318,0.507,
55,T,0.951,2.423,0.341,*
57,P,0.929,2.388,0.407,
59,V,0.871,2.294,0.535,
61,M,0.937,2.401,0.384,
62,S,0.857,2.274,0.557,
63,H,0.676,1.978,0.756,
64,I,0.839,2.243,0.587,
65,A,0.581,1.822,0.802,
66,S,0.886,2.32,0.504,
67,C,0.513,1.716,0.808,
71,K,0.713,2.041,0.725,
74,W,0.688,2.003,0.74,
84,P,0.661,1.954,0.764,
85,V,0.953,2.425,0.337,*
86,P,0.504,1.697,0.813,
87,L,0.979,2.467,0.226,*
88,R,0.598,1.855,0.79,
89,K,0.935,2.398,0.391,
91,A,0.982,2.472,0.211,*
92,R,0.946,2.415,0.357,
93,S,0.993,2.489,0.136,**
94,C,0.997,2.495,0.092,**
97,H,0.654,1.94,0.775,
99,K,0.952,2.424,0.339,*
100,L,0.791,2.166,0.65,
102,V,0.968,2.45,0.277,*
